energy_MeV,material,geant4_hIoni_MeV_cm,radiant_bethe_MeV_cm,ratio_radiant_to_geant4
1.00000,Al,463.958083527,459.535532068,0.990467777984
1.00000,Cu,1059.96802734,1036.00969122,0.977397114344
2.00000,Al,295.418198555,294.060112007,0.995402833832
2.00000,Cu,716.044379527,711.35390355,0.993449461916
10.00000,Al,90.9260586081,91.2213206583,1.00324727647
10.00000,Cu,241.69761537,243.497660506,1.00744750888
100.00000,Al,15.321454485,15.3385741301,1.00111736423
100.00000,Cu,43.317449638,43.5480376491,1.005323213
499.99000,Al,5.85181491043,5.86099478085,1.00156872194
499.99000,Cu,16.8503279184,16.8812273452,1.00183375819
