energy_MeV,material,pstar_electronic_MeV_cm2_g,radiant_bethe_MeV_cm2_g,ratio_radiant_to_pstar
1.00000,Al,171.9,170.26140499,0.990467742816
1.20000,Al,153.3,152.122832054,0.992321148431
2.00000,Al,109.4,108.951505005,0.995900411377
5.00000,Al,56.91,56.9616979525,1.00090841596
10.00000,Al,33.75,33.7981921668,1.00142791605
100.00000,Al,5.676,5.68305821791,1.00124351972
499.99000,Al,2.16602,2.17154308294,1.00254987624
1.00000,Cu,118.3,115.62608161,0.977397139558
1.20000,Cu,107.2,105.596624387,0.985043137936
2.00000,Cu,79.87,79.3921767355,0.994017487611
5.00000,Cu,44.16,44.2437788195,1.0018971653
10.00000,Cu,27.08,27.1760781815,1.00354793875
100.00000,Cu,4.85,4.86027205905,1.00211795032
499.99000,Cu,1.8800172,1.88406555192,1.00215335898
