energy_MeV,material,voxels_per_material,lower_energy_groups,geant4_MeV_per_source,geant4_standard_error_MeV,radiant_MeV_per_source,characteristic_MeV_per_source,radiant_minus_geant4_pct,radiant_minus_characteristic_pct,geant4_minus_characteristic_pct,difference_over_geant4_SE
10.0,Al,8,100,0.822798706774769,0.000485972967603754,0.826780953808,0.8230815656971401,0.48398800343776305,0.4494558334235732,-0.03436584345459792,8.194379726236159
10.0,Cu,8,100,2.98716466591942,0.00301439321649696,2.945106792,3.000524013156246,-1.4079529796016454,-1.8469181020801972,-0.44523380510370636,-13.95235156755555
100.0,Al,8,100,0.132768190972184,7.66539922293409e-05,0.132791292788,0.13277278712369128,0.01740011342086234,0.01393784427488054,-0.0034616668120324157,0.3013778557922648
100.0,Cu,8,100,0.377040935455398,0.000376488148837572,0.376558591387,0.3765023669651363,-0.127928832930424,0.014933351499735181,0.1430451804600663,-1.2811666712147431
499.99,Al,8,100,0.0506960377582783,2.9257059783381e-05,0.0506798172785,0.05067963305793737,-0.031995557237896044,0.0003635001903479207,0.03236941420268202,-0.5544125041406776
499.99,Cu,8,100,0.145948424151595,0.000145951416208517,0.145952573949,0.14595197219463077,0.002843331422797135,0.00041229615481697124,-0.002430966147570768,0.02843273133475811
10.0,Al,16,200,0.822798706774769,0.000485972967603754,0.824644310758,0.8230815656971401,0.22430808021873805,0.1898651514004257,-0.03436584345459792,3.7977502994280217
10.0,Cu,16,200,2.98716466591942,0.00301439321649696,2.9808736568,3.000524013156246,-0.21060135020991577,-0.6548974869084789,-0.44523380510370636,-2.08699020585335
100.0,Al,16,200,0.132768190972184,7.66539922293409e-05,0.132779642492,0.13277278712369128,0.008625198349188068,0.0051632329615358685,-0.0034616668120324157,0.14939234712954919
100.0,Cu,16,200,0.377040935455398,0.000376488148837572,0.376523738004,0.3765023669651363,-0.1371727583831972,0.005676203057092266,0.1430451804600663,-1.3737416516160603
499.99,Al,16,200,0.0506960377582783,2.9257059783381e-05,0.050679635421,0.05067963305793737,-0.032354278566126826,4.66274612254125e-06,0.03236941420268202,-0.5606283543098302
499.99,Cu,16,200,0.145948424151595,0.000145951416208517,0.145951970785,0.14595197219463077,0.0024300594032578005,-9.658182476002253e-07,-0.002430966147570768,0.024300095861497523
10.0,Al,32,400,0.822798706774769,0.000485972967603754,0.823662438699,0.8230815656971401,0.10497487625091839,0.07057295729469004,-0.03436584345459792,1.7773250403000136
10.0,Cu,32,400,2.98716466591942,0.00301439321649696,2.99365906114,3.000524013156246,0.2174100174213489,-0.22879177057559819,-0.44523380510370636,2.154461861524153
100.0,Al,32,400,0.132768190972184,7.66539922293409e-05,0.132773942403,0.13277278712369128,0.0043319343088654705,0.0008701175397085592,-0.0034616668120324157,0.07503106685930439
100.0,Cu,32,400,0.377040935455398,0.000376488148837572,0.376506289966,0.3765023669651363,-0.14180038269644424,0.0010419591503163517,0.1430451804600663,-1.4200858408127053
499.99,Al,32,400,0.0506960377582783,2.9257059783381e-05,0.0506795465863,0.05067963305793737,-0.0325295086312849,-0.00017062403998568954,0.03236941420268202,-0.5636647052164696
499.99,Cu,32,400,0.145948424151595,0.000145951416208517,0.145951669206,0.14595197219463077,0.00222342544899945,-0.0002075947492907737,-0.002430966147570768,0.022233798679673084
10.0,Al,32,800,0.822798706774769,0.000485972967603754,0.823210200523,0.8230815656971401,0.050011472410305124,0.015628442091397687,-0.03436584345459792,0.8467420528759448
10.0,Cu,32,800,2.98716466591942,0.00301439321649696,2.99149853359,3.000524013156246,0.1450829852142066,-0.3007967783851151,-0.44523380510370636,1.4377247290970887
10.0,Al,64,400,0.822798706774769,0.000485972967603754,0.823643887599,0.8230815656971401,0.10272024217734543,0.06831909804512204,-0.03436584345459792,1.739151929372643
10.0,Cu,64,400,2.98716466591942,0.00301439321649696,2.99893599796,3.000524013156246,0.394063714494175,-0.0529245954800972,-0.44523380510370636,3.9050419753330705
10.0,Al,64,800,0.822798706774769,0.000485972967603754,0.823191747038,0.8230815656971401,0.04776870211327111,0.013386442541274413,-0.03436584345459792,0.808769807030771
10.0,Cu,64,800,2.98716466591942,0.00301439321649696,2.99749332424,3.000524013156246,0.34576795977872,-0.10100532116914529,-0.44523380510370636,3.426446909465629
