energy_MeV,Al_MeV_cm,Cu_MeV_cm
1,463.958083526611,1059.96802734375
1.02093141269344,458.055722747447,1048.12885448578
1.04230094942422,452.199305825651,1036.37904380037
1.06411778074737,446.391586951506,1024.72371109619
1.08639126917062,440.635109027856,1013.16751013263
1.10913097317218,434.932165765916,1001.71455358015
1.13234665130272,429.284760154059,990.368326487845
1.15604826637316,423.694559012887,979.131591668035
1.18024598973015,418.162843329209,968.006286365407
1.20495020562097,412.690454039319,956.993409532425
1.23017151564986,407.27773290833,946.0928989842
1.25592074332764,401.924458126925,935.303497653906
1.28220893871647,396.629774219869,924.622608114258
1.30904738317196,391.392115831668,914.04613447115
1.3364475941844,386.209124923873,903.568310672089
1.36442133032142,381.077560885507,893.181514204261
1.3929805962741,375.993205498427,882.876069193157
1.42213764800866,370.952778960256,872.644199417589
1.45190499802601,365.957895989891,862.488191140069
1.48229542073135,361.010915287335,852.411827594205
1.51332195791627,356.113984809666,842.418418198793
1.54499792435545,351.269005867092,832.510723835997
1.57733691352064,346.477593821557,822.690875168985
1.61035280341413,341.741035120619,812.960283454817
1.64405976252442,337.06024038004,803.31954326919
1.6784722559065,332.435693207888,793.768326517805
1.71360505138936,327.867394440929,784.305267064378
1.74947322591354,323.354801440512,774.927835257513
1.78609217200126,318.896762070005,765.632201587581
1.82347760436193,314.491442948909,756.413088650189
1.86164556663607,310.136251550085,747.263610534518
1.90061243828023,305.827751675812,738.17509869256
1.94039494159616,301.561590912347,729.136956301813
1.98101014890696,297.334972984581,720.142247653181
2.02247548988362,293.149594969074,711.194336567477
2.06480875902473,289.007578284103,702.297742388949
2.1080281232929,284.910870846872,693.456818194008
2.15215212991091,280.861216840116,684.67570994937
2.19719971432114,276.860123605958,675.958311546869
2.24319020831149,272.90882544067,667.308215382141
2.29014334831153,269.008244047644,658.728658120057
2.33807928386217,265.158945388399,650.22246126374
2.38701858626266,261.361092652742,641.791966116208
2.43698225739863,257.61439504928,633.438962693904
2.48799173875482,253.918052096113,625.164612119599
2.54006892061656,250.270693068745,616.969361988152
2.59323615146375,246.670311237912,608.852854162275
2.64751624756158,243.114192503993,600.813824416631
2.70293250275187,239.598889103888,592.850056194268
2.75950869844947,236.122674595635,584.961386698473
2.81726911384784,232.687018656663,577.151505036028
2.87623853633826,229.29348943838,569.424121146424
2.93644227214712,225.943457099377,561.782580391011
2.99790615719588,222.638063147312,554.229803270651
3.06065656818834,219.378186943534,546.768219477964
3.12472043392997,216.164409149336,539.399695839724
3.19012524688417,212.996971876808,532.125457672978
3.25689907497045,209.875735290328,524.9460030442
3.32507057360953,206.800130386557,517.861009384206
3.39466899802055,203.769107661413,510.869231872461
3.46572421577573,200.78108135183,503.968392962602
3.53826671961777,197.833868917929,497.155062376398
3.61232764054554,194.92462540764,490.42452684564
3.6879387611737,192.049772320541,483.770648830546
3.76513252937195,189.205053116951,477.185960331039
3.84394207218971,186.38873378729,470.66761480389
3.92440121007238,183.602206665053,464.218500544053
4.00654447137502,180.846916553758,457.841501763833
4.09040710717998,178.124185201692,451.539157942608
4.17602510642453,175.435190185203,445.313609608121
4.26343521134525,172.780941792641,439.166539079646
4.35267493324564,170.162257751698,433.099105779673
4.44378256859378,167.579735631458,427.111875692476
4.53679721545692,165.033722738419,421.204744517693
4.63175879028008,162.524283312704,415.376854034764
4.72870804501588,160.051162816867,409.626501159526
4.82768658461288,157.613749094866,403.951039137394
4.92873688486997,155.211030162942,398.346770278169
5.03190231066455,152.84154837726,392.808829595404
5.13722713456212,150.503350705082,387.331058668311
5.24475655581556,148.194098932724,381.906316145159
5.35453671976194,145.913355625045,376.532716903703
5.46661473762544,143.662303348551,371.212879374841
5.58103870673469,141.442053717968,365.94933207704
5.6978577311634,139.253583766166,360.744354902198
5.81712194280286,137.097714999647,355.599938014904
5.93888252287571,134.975090514651,350.517736889213
6.06319172389986,132.886150022726,345.499023179965
6.19010289211223,130.831102623739,340.544631103808
6.31967049036187,128.809897152691,335.654898981806
6.45195012148216,126.82218991434,330.829605570497
6.58699855215237,124.867309606308,326.067900781665
6.72487373725853,122.944219217283,321.368230362571
6.86563484476434,121.051474671718,316.728254077966
7.00934228110254,119.187179976326,312.144756902701
7.15605771709785,117.348938606393,307.613552699018
7.30584411443247,115.534079252163,303.129940445571
7.45876575266557,113.742070427613,298.693568354112
7.61488825681828,111.973634513572,294.306651524881
7.77427862553614,110.229386516538,289.971232560403
7.937005259841,108.509801585912,285.68911803529
8.1031379924847,106.815195503475,281.461841155772
8.27274811791726,105.145703413948,277.29062094577
8.44590842288223,103.501256661118,273.176317688258
8.62269321765255,101.881557584246,269.119384331076
8.80317836792012,100.28605211921,265.119813545578
8.98744132735299,98.7139000377053,261.177080104141
9.17556117083386,97.1639426460842,257.290078218815
9.36761862839445,95.6346677527515,253.4570534579
9.56369611986009,94.1241716995898,249.675528830092
9.7638777902195,92.6301182384872,245.942224596788
9.96824954573486,91.1496940186797,242.252971342128
10.1768990908078,89.6800638115494,238.603424471416
10.3899159656169,88.2211920740165,234.993578718987
10.6073915845434,86.7742441115185,231.425179674037
10.8294192754003,85.3404003504905,227.899797219505
11.056094319484,83.9208498228049,224.418791492462
11.2875139924627,82.5167861076045,220.983280771111
11.5237776061218,81.1294027808324,217.594106397406
11.764986550983,79.7598883302991,214.251794504492
12.0112443398143,78.4094204909594,210.956514301614
12.2626566520527,77.0791599516813,207.708032651408
12.5193313791547,75.7702433811576,204.505664655592
12.7813786708977,74.483775716732,201.348219944819
13.0489109826493,73.2208216557528,198.233944346894
13.322043123627,71.9823962846235,195.160456584429
13.6008923061674,70.7694547759647,192.124679628402
13.8855781960268,69.5828810792186,189.122766307732
14.1762229637348,68.423439606713,186.151152051687
14.4729513370229,67.2916295629012,183.21063587196
14.7758906543502,66.1877658645995,180.303264767412
15.0851709195494,65.1120012170763,177.431024151974
15.4009248576176,64.0643054709553,174.59582161809
15.7232879716729,63.04444316787,171.799469100391
16.0523986011058,62.0519491384782,169.043663265055
16.388397980945,61.0861020053408,166.329963982558
16.7314303024685,60.1458954327324,163.659770731198
17.0816427750809,59.230006954305,161.034296767655
17.439185689488,58.336764197615,158.454540889022
17.8042124821921,57.4641083118104,155.921256598057
18.1768798013385,56.6095543911955,153.434918469886
18.5573475739393,55.7701486728904,150.995685503884
18.945779074505,54.9424222713213,148.603361229028
19.3423409951121,54.1223418250512,146.257350582194
19.7472035169379,53.3064663563538,143.957127910897
20.1605403832923,52.4946743359729,141.70337080129
20.5825289741776,51.6875207041517,139.49680680065
21.0133503824107,50.8855645835611,137.337895995709
21.4531894913368,50.0893673024949,135.22679599553
21.9022350541704,49.2994901771636,133.163323817425
22.3606797749979,48.5164920324092,131.146914439322
22.8287203914741,47.7409264386105,129.176575765155
23.3065577592511,46.9733386408799,127.250839731871
23.7943969381734,46.2142621548747,125.367709267466
24.2924472802778,45.4642150016359,123.524600788951
24.8009225196348,44.7236955518269,121.718281907243
25.3200408640712,43.9931779475639,119.944803982605
25.8500250888118,43.2731070676916,118.199429149262
26.3911026320814,42.563892999862,116.476551401187
26.9435056927083,41.8659051007552,114.769625152711
27.5074713297703,41.1794887758003,113.073760962509
28.0832415643266,40.5049904496814,111.389325320522
28.671063483279,39.8427110237952,109.71740009867
29.2711893454072,39.1928918789956,108.059052215351
29.8838766896236,38.5557064858678,106.415327035759
30.5093884454939,37.9312512576683,104.78724106701
31.1479930460709,37.3195355875473,103.175773890035
31.7999645430904,36.7204710075016,101.581859265893
32.4655827245785,36.1338594020475,100.006375349585
33.1451332349195,35.5593802048464,98.4501339395496
33.8389076974386,34.9965765014252,96.9138686857635
34.5472038395487,34.4448399557038,95.3982221737871
35.2703256205186,33.9033944722396,93.9037317960764
36.0085833619135,33.3712784998997,92.4308143154904
36.7622938807678,32.8473258760538,90.9797490190651
37.5317806255435,32.3301572475352,89.5506646755305
38.3173738149362,31.8189160592137,88.1438519330933
39.1194105795853,31.3138133577401,86.7599909525712
39.9382351067506,30.8151397048448,85.3997061394062
40.7741987880175,30.32316331911,84.063508175211
41.6276603700937,29.8381261437566,82.7517777536214
42.4989861087623,29.360239540528,81.4647478421191
43.3885499260574,28.8896795802091,80.2024843559958
44.2967335707295,28.4265818981934,78.9648651224827
45.2239267820696,27.9710360812319,77.7515570043799
46.1705274571628,27.52307954907,76.5619910432239
47.1369418216423,27.082690892079,75.395335472107
48.1235846040176,26.6497826232101,74.2504664376579
49.1308792136517,26.2241932996357,73.125936259367
50.1592579224641,25.8056789662696,72.0199390423418
51.2091620504357,25.3939038699744,70.930273446661
52.2810421549984,24.9884427432899,69.8543612864222
53.3753582243876,24.589132322948,68.7909314962463
54.4925798750422,24.1961713786376,67.7405061664761
55.6331865531367,23.8097550175538,66.7036675596852
56.7976677403314,23.4300491597938,65.6809474789949
57.9865231638289,23.0571862180647,64.6728187041095
59.2002630108285,22.6912603824535,63.6796856190399
60.4394081474681,22.3323224796493,62.7018739680192
61.7044903423498,21.9803743738145,61.7396196715292
62.9960524947437,21.6353628739556,60.793056629463
64.3146488675685,21.2971731101463,59.8622034332177
65.660845325249,20.9656213382733,58.9469489029187
67.0352195765517,20.6404471301254,58.047036360002
68.4383614225035,20.3213049025877,57.162046539
69.8708730095005,20.0077547364446,56.2913790355537
71.333369087713,19.6992524318157,55.4342321803915
72.8264772749012,19.3951693576665,54.5896367617751
74.3508383257513,19.0952832323278,53.7573438960446
75.9071064068505,18.7997563093764,52.9377827047507
77.4959493774168,18.508747580782,52.1313537647156
79.1180490759052,18.2223977279909,51.3383985249863
80.7741016126125,17.9408262521762,50.5591905209507
82.4648176684076,17.6641283385007,49.7939257843865
84.190922799714,17.3923714336542,49.0427123870895
85.9531577498761,17.1255915144391,48.3055590512564
87.7522787670427,16.8637890235839,47.5823627550279
89.5890579287051,16.6069244472646,46.8728952564912
91.464283473027,16.3549135069938,46.1767884539942
93.3787601371103,16.1076219365961,45.4935184947986
95.3333095023416,15.8648598129136,44.8223885378818
97.3287703469662,15.6263754066666,44.1625100700491
99.3659990060432,15.3918485175295,43.5127826674292
101.445869738934,15.1609175102886,42.871983276177
103.569275104484,14.9335155480708,42.2398592543491
105.737126344056,14.70976811933,41.61679756771
107.950353772582,14.4897894210528,41.0031658443693
110.209907177798,14.2736772309383,40.3992978780116
112.516756227842,14.0615104597683,39.8054880175695
114.871890887374,13.8533464796612,39.2219850304246
117.276321842413,13.649218210828,38.6489853978839
119.731080934064,13.4491309482001,38.0866259987038
122.237221601327,13.2530589079721,37.5349761332633
124.795819333163,13.0609414726761,36.9940288375902
127.407972130041,12.8726791118877,36.463691432816
130.074800975128,12.6881289540376,35.9437752517642
132.797450315355,12.5070999830726,35.4339844802311
135.577088552542,12.3293478318531,34.9339040460978
138.41490854481,12.1545691421997,34.442986484686
141.312128118486,11.9824438750769,33.9606378473765
144.269990590721,11.8129395567067,33.4868452537698
147.289765303054,11.6461535424092,33.0218487139132
150.372748166131,11.4821735025044,32.5658504692135
153.520262215843,11.3210752214886,32.1190081686383
156.733658181087,11.1629208056265,31.6814286902043
160.014315063427,11.0077567259691,31.2531614073879
163.363640728878,10.8556116840182,30.834190857757
166.783072512076,10.7064942863443,30.4244287680781
170.274077833105,10.5603905134802,30.0237053868927
173.838154827224,10.4172609673723,29.631760072087
177.476832987779,10.2770378805486,29.2482310772554
181.19167382257,10.1396218689725,28.872644476695
184.984271523964,10.0048784092717,28.504402164629
188.856253653027,9.87263401967329,28.1427688597284
192.809281837975,9.74267212251628,27.7868580411698
196.845052487251,9.6147811266525,27.4358107923062
200.965297517522,9.48896757373621,27.0895841728254
205.171785096921,9.3653038993151,26.7483907501482
209.466320403833,9.24385426063354,26.412426492396
213.850746401581,9.12467322296416,26.0818678059303
218.326944629312,9.00780434319963,25.7568683618678
222.896836009445,8.89327862408915,25.4375556262091
227.56238167202,8.78111282909774,25.1240270703975
232.325583796299,8.6713076471496,24.8163460374641
237.188486469982,8.56384569574973,24.5145372371266
242.153176566417,8.45868935015839,24.2185818413078
247.221784640155,8.35577838541789,23.9284121495014
252.396485841266,8.25502741709564,23.6439057912402
257.679500848782,8.15632312560864,23.3648794305957
263.073096823687,8.05952124792743,23.0910819351562
268.579588381844,7.9644433278817,22.8221869871521
274.201338587297,7.87093313740956,22.5579101683131
279.940759966361,7.77900995348432,22.2983281176547
285.800315542931,7.68872803734721,22.0435844712666
291.782519895474,7.60013541234648,21.7938029631132
297.889940236137,7.51327289160062,21.5490844474982
304.125197512442,7.42817301572842,21.3095036488041
310.490967532048,7.34485889364166,21.0751056173555
316.989982111045,7.26334293889374,20.8459018687363
323.625030246297,7.1836254935395,20.6218661822725
330.398959312308,7.10569333088764,20.4029300326616
337.314676283156,7.02951802791319,20.1889776268808
344.375148979991,6.95505419744199,19.9798405165291
351.583407344655,6.88223756951847,19.7752917536509
358.94254473995,6.81098291062038,19.5750395558325
366.455719277134,6.74118176858438,19.3787204439579
374.126155171194,6.67270023186987,19.1858924532914
381.957144124491,6.60543672132099,18.9962188950803
389.952046739366,6.53941521907068,18.8097646146335
398.114293960319,6.47467525354622,18.6266472647715
406.447388546358,6.41125143330899,18.4469728110595
414.954906574191,6.34917269575891,18.2708336450212
423.640498972862,6.28846148670829,18.0983065214822
432.507893090516,6.22913286545302,17.9294503063012
441.560894293962,6.17119352958401,17.7643035197607
450.803387601712,6.11464075337,17.6028816598331
460.239339351202,6.05946123310278,17.445174288407
469.872798900916,6.00562983232592,17.2911418623558
479.707900368131,5.95310821936595,17.1407122900399
489.748864403038,5.90184338904824,16.9937771924563
500,5.85176605990719,16.8501878467826
