energy_MeV,electronic_MeV_cm2_g,nuclear_MeV_cm2_g,total_MeV_cm2_g,csda_range_g_cm2,projected_range_g_cm2,detour_factor
1.000E-03,9.238E+01,1.197E+01,1.043E+02,1.471E-05,3.758E-06,0.2555
1.500E-03,1.131E+02,1.072E+01,1.239E+02,1.906E-05,5.590E-06,0.2933
2.000E-03,1.306E+02,9.749E+00,1.404E+02,2.285E-05,7.413E-06,0.3245
2.500E-03,1.461E+02,8.967E+00,1.550E+02,2.623E-05,9.205E-06,0.3509
3.000E-03,1.600E+02,8.324E+00,1.683E+02,2.933E-05,1.096E-05,0.3738
4.000E-03,1.848E+02,7.322E+00,1.921E+02,3.487E-05,1.438E-05,0.4122
5.000E-03,2.066E+02,6.571E+00,2.131E+02,3.981E-05,1.765E-05,0.4434
6.000E-03,2.263E+02,5.982E+00,2.323E+02,4.430E-05,2.080E-05,0.4696
7.000E-03,2.444E+02,5.505E+00,2.499E+02,4.845E-05,2.384E-05,0.4921
8.000E-03,2.613E+02,5.110E+00,2.664E+02,5.232E-05,2.677E-05,0.5117
9.000E-03,2.771E+02,4.775E+00,2.819E+02,5.597E-05,2.961E-05,0.5291
1.000E-02,2.921E+02,4.488E+00,2.966E+02,5.943E-05,3.236E-05,0.5445
1.250E-02,3.206E+02,3.917E+00,3.245E+02,6.746E-05,3.895E-05,0.5773
1.500E-02,3.448E+02,3.491E+00,3.483E+02,7.489E-05,4.523E-05,0.6040
1.750E-02,3.657E+02,3.157E+00,3.689E+02,8.186E-05,5.127E-05,0.6263
2.000E-02,3.838E+02,2.889E+00,3.867E+02,8.848E-05,5.711E-05,0.6454
2.250E-02,3.996E+02,2.667E+00,4.022E+02,9.481E-05,6.277E-05,0.6620
2.500E-02,4.132E+02,2.480E+00,4.157E+02,1.009E-04,6.829E-05,0.6767
2.750E-02,4.250E+02,2.321E+00,4.273E+02,1.069E-04,7.370E-05,0.6898
3.000E-02,4.351E+02,2.183E+00,4.373E+02,1.126E-04,7.902E-05,0.7015
3.500E-02,4.510E+02,1.955E+00,4.529E+02,1.239E-04,8.943E-05,0.7220
4.000E-02,4.620E+02,1.774E+00,4.638E+02,1.348E-04,9.964E-05,0.7394
4.500E-02,4.692E+02,1.627E+00,4.709E+02,1.455E-04,1.097E-04,0.7544
5.000E-02,4.734E+02,1.504E+00,4.749E+02,1.560E-04,1.198E-04,0.7676
5.500E-02,4.752E+02,1.401E+00,4.766E+02,1.665E-04,1.298E-04,0.7793
6.000E-02,4.751E+02,1.311E+00,4.764E+02,1.770E-04,1.398E-04,0.7898
6.500E-02,4.737E+02,1.234E+00,4.749E+02,1.875E-04,1.499E-04,0.7994
7.000E-02,4.712E+02,1.166E+00,4.724E+02,1.981E-04,1.601E-04,0.8081
7.500E-02,4.680E+02,1.106E+00,4.691E+02,2.087E-04,1.703E-04,0.8161
8.000E-02,4.642E+02,1.052E+00,4.653E+02,2.194E-04,1.807E-04,0.8234
8.500E-02,4.601E+02,1.003E+00,4.611E+02,2.302E-04,1.911E-04,0.8302
9.000E-02,4.558E+02,9.597E-01,4.567E+02,2.411E-04,2.017E-04,0.8366
9.500E-02,4.513E+02,9.200E-01,4.522E+02,2.521E-04,2.124E-04,0.8425
1.000E-01,4.468E+02,8.837E-01,4.477E+02,2.632E-04,2.232E-04,0.8480
1.250E-01,4.245E+02,7.406E-01,4.253E+02,3.205E-04,2.791E-04,0.8708
1.500E-01,4.045E+02,6.400E-01,4.051E+02,3.808E-04,3.381E-04,0.8880
1.750E-01,3.867E+02,5.651E-01,3.873E+02,4.439E-04,4.001E-04,0.9013
2.000E-01,3.710E+02,5.070E-01,3.715E+02,5.098E-04,4.649E-04,0.9119
2.250E-01,3.568E+02,4.604E-01,3.573E+02,5.785E-04,5.325E-04,0.9205
2.500E-01,3.440E+02,4.222E-01,3.444E+02,6.498E-04,6.028E-04,0.9277
2.750E-01,3.323E+02,3.903E-01,3.327E+02,7.236E-04,6.757E-04,0.9337
3.000E-01,3.215E+02,3.632E-01,3.218E+02,8.001E-04,7.511E-04,0.9389
3.500E-01,3.017E+02,3.195E-01,3.020E+02,9.605E-04,9.097E-04,0.9471
4.000E-01,2.842E+02,2.858E-01,2.844E+02,1.131E-03,1.079E-03,0.9535
4.500E-01,2.686E+02,2.589E-01,2.689E+02,1.312E-03,1.258E-03,0.9585
5.000E-01,2.548E+02,2.369E-01,2.550E+02,1.503E-03,1.447E-03,0.9626
5.500E-01,2.425E+02,2.185E-01,2.427E+02,1.704E-03,1.646E-03,0.9659
6.000E-01,2.314E+02,2.030E-01,2.316E+02,1.915E-03,1.855E-03,0.9687
6.500E-01,2.215E+02,1.897E-01,2.216E+02,2.136E-03,2.074E-03,0.9711
7.000E-01,2.124E+02,1.781E-01,2.126E+02,2.366E-03,2.303E-03,0.9731
7.500E-01,2.042E+02,1.679E-01,2.043E+02,2.606E-03,2.541E-03,0.9749
8.000E-01,1.966E+02,1.589E-01,1.968E+02,2.856E-03,2.788E-03,0.9764
8.500E-01,1.897E+02,1.509E-01,1.899E+02,3.114E-03,3.045E-03,0.9778
9.000E-01,1.833E+02,1.436E-01,1.835E+02,3.382E-03,3.311E-03,0.9790
9.500E-01,1.774E+02,1.371E-01,1.775E+02,3.659E-03,3.586E-03,0.9800
1.000E+00,1.719E+02,1.312E-01,1.720E+02,3.945E-03,3.870E-03,0.9810
1.050E+00,1.668E+02,1.258E-01,1.669E+02,4.241E-03,4.163E-03,0.9818
1.100E+00,1.620E+02,1.209E-01,1.621E+02,4.545E-03,4.465E-03,0.9826
1.150E+00,1.575E+02,1.163E-01,1.577E+02,4.857E-03,4.776E-03,0.9833
1.200E+00,1.533E+02,1.121E-01,1.535E+02,5.179E-03,5.096E-03,0.9839
1.250E+00,1.494E+02,1.082E-01,1.495E+02,5.509E-03,5.424E-03,0.9845
1.300E+00,1.457E+02,1.046E-01,1.458E+02,5.848E-03,5.760E-03,0.9850
1.350E+00,1.422E+02,1.012E-01,1.423E+02,6.195E-03,6.105E-03,0.9855
1.400E+00,1.388E+02,9.806E-02,1.389E+02,6.551E-03,6.459E-03,0.9860
1.450E+00,1.357E+02,9.510E-02,1.358E+02,6.915E-03,6.821E-03,0.9864
1.500E+00,1.327E+02,9.232E-02,1.328E+02,7.287E-03,7.191E-03,0.9868
1.550E+00,1.299E+02,8.971E-02,1.300E+02,7.668E-03,7.569E-03,0.9872
1.600E+00,1.272E+02,8.725E-02,1.273E+02,8.056E-03,7.956E-03,0.9875
1.650E+00,1.246E+02,8.493E-02,1.247E+02,8.453E-03,8.350E-03,0.9878
1.700E+00,1.221E+02,8.274E-02,1.222E+02,8.858E-03,8.753E-03,0.9881
1.750E+00,1.198E+02,8.066E-02,1.199E+02,9.272E-03,9.164E-03,0.9884
1.800E+00,1.175E+02,7.869E-02,1.176E+02,9.693E-03,9.583E-03,0.9886
1.850E+00,1.154E+02,7.682E-02,1.154E+02,1.012E-02,1.001E-02,0.9889
1.900E+00,1.133E+02,7.504E-02,1.134E+02,1.056E-02,1.044E-02,0.9891
1.950E+00,1.113E+02,7.335E-02,1.114E+02,1.100E-02,1.089E-02,0.9893
2.000E+00,1.094E+02,7.173E-02,1.095E+02,1.146E-02,1.134E-02,0.9895
2.100E+00,1.058E+02,6.871E-02,1.059E+02,1.239E-02,1.226E-02,0.9899
2.200E+00,1.025E+02,6.595E-02,1.025E+02,1.335E-02,1.322E-02,0.9903
2.250E+00,1.009E+02,6.466E-02,1.010E+02,1.384E-02,1.370E-02,0.9904
2.300E+00,9.938E+01,6.342E-02,9.944E+01,1.434E-02,1.420E-02,0.9906
2.400E+00,9.648E+01,6.108E-02,9.654E+01,1.536E-02,1.522E-02,0.9908
2.500E+00,9.377E+01,5.891E-02,9.383E+01,1.641E-02,1.626E-02,0.9911
2.600E+00,9.123E+01,5.690E-02,9.128E+01,1.749E-02,1.734E-02,0.9913
2.700E+00,8.884E+01,5.503E-02,8.889E+01,1.860E-02,1.844E-02,0.9915
2.750E+00,8.769E+01,5.414E-02,8.775E+01,1.916E-02,1.900E-02,0.9916
2.800E+00,8.658E+01,5.328E-02,8.664E+01,1.974E-02,1.957E-02,0.9917
2.900E+00,8.446E+01,5.165E-02,8.451E+01,2.091E-02,2.074E-02,0.9919
3.000E+00,8.245E+01,5.011E-02,8.250E+01,2.210E-02,2.193E-02,0.9921
3.100E+00,8.054E+01,4.867E-02,8.059E+01,2.333E-02,2.315E-02,0.9922
3.200E+00,7.874E+01,4.732E-02,7.878E+01,2.459E-02,2.440E-02,0.9924
3.300E+00,7.702E+01,4.604E-02,7.707E+01,2.587E-02,2.568E-02,0.9925
3.400E+00,7.539E+01,4.483E-02,7.543E+01,2.718E-02,2.698E-02,0.9927
3.500E+00,7.383E+01,4.369E-02,7.388E+01,2.852E-02,2.832E-02,0.9928
3.600E+00,7.235E+01,4.260E-02,7.239E+01,2.989E-02,2.968E-02,0.9929
3.700E+00,7.093E+01,4.157E-02,7.097E+01,3.128E-02,3.106E-02,0.9930
3.800E+00,6.957E+01,4.059E-02,6.961E+01,3.271E-02,3.248E-02,0.9931
3.900E+00,6.827E+01,3.966E-02,6.831E+01,3.416E-02,3.392E-02,0.9932
4.000E+00,6.703E+01,3.877E-02,6.707E+01,3.563E-02,3.540E-02,0.9933
4.100E+00,6.583E+01,3.793E-02,6.587E+01,3.714E-02,3.689E-02,0.9934
4.200E+00,6.469E+01,3.712E-02,6.473E+01,3.867E-02,3.842E-02,0.9935
4.300E+00,6.359E+01,3.634E-02,6.362E+01,4.023E-02,3.997E-02,0.9935
4.400E+00,6.253E+01,3.560E-02,6.256E+01,4.181E-02,4.155E-02,0.9936
4.500E+00,6.151E+01,3.489E-02,6.154E+01,4.343E-02,4.315E-02,0.9937
4.600E+00,6.052E+01,3.421E-02,6.056E+01,4.506E-02,4.478E-02,0.9937
4.700E+00,5.957E+01,3.355E-02,5.961E+01,4.673E-02,4.644E-02,0.9938
4.800E+00,5.866E+01,3.292E-02,5.869E+01,4.842E-02,4.812E-02,0.9939
4.900E+00,5.777E+01,3.232E-02,5.780E+01,5.014E-02,4.983E-02,0.9939
5.000E+00,5.691E+01,3.174E-02,5.695E+01,5.188E-02,5.157E-02,0.9940
5.500E+00,5.303E+01,2.913E-02,5.306E+01,6.098E-02,6.063E-02,0.9942
6.000E+00,4.970E+01,2.693E-02,4.973E+01,7.072E-02,7.033E-02,0.9944
6.500E+00,4.681E+01,2.505E-02,4.684E+01,8.109E-02,8.065E-02,0.9946
7.000E+00,4.428E+01,2.342E-02,4.430E+01,9.207E-02,9.158E-02,0.9948
7.500E+00,4.203E+01,2.200E-02,4.205E+01,1.037E-01,1.031E-01,0.9949
8.000E+00,4.002E+01,2.075E-02,4.004E+01,1.158E-01,1.153E-01,0.9950
8.500E+00,3.822E+01,1.963E-02,3.824E+01,1.286E-01,1.280E-01,0.9951
9.000E+00,3.658E+01,1.864E-02,3.660E+01,1.420E-01,1.413E-01,0.9952
9.500E+00,3.510E+01,1.774E-02,3.512E+01,1.559E-01,1.552E-01,0.9953
1.000E+01,3.375E+01,1.693E-02,3.376E+01,1.705E-01,1.697E-01,0.9953
1.050E+01,3.250E+01,1.619E-02,3.252E+01,1.856E-01,1.847E-01,0.9954
1.100E+01,3.136E+01,1.551E-02,3.137E+01,2.012E-01,2.003E-01,0.9955
1.150E+01,3.030E+01,1.489E-02,3.032E+01,2.174E-01,2.165E-01,0.9955
1.200E+01,2.932E+01,1.432E-02,2.933E+01,2.342E-01,2.332E-01,0.9956
1.250E+01,2.841E+01,1.380E-02,2.842E+01,2.515E-01,2.504E-01,0.9956
1.300E+01,2.756E+01,1.331E-02,2.757E+01,2.694E-01,2.682E-01,0.9957
1.350E+01,2.676E+01,1.285E-02,2.677E+01,2.878E-01,2.866E-01,0.9957
1.400E+01,2.601E+01,1.243E-02,2.603E+01,3.067E-01,3.054E-01,0.9957
1.450E+01,2.531E+01,1.203E-02,2.532E+01,3.262E-01,3.248E-01,0.9958
1.500E+01,2.465E+01,1.166E-02,2.466E+01,3.462E-01,3.448E-01,0.9958
1.550E+01,2.403E+01,1.132E-02,2.404E+01,3.668E-01,3.652E-01,0.9959
1.600E+01,2.344E+01,1.099E-02,2.345E+01,3.878E-01,3.862E-01,0.9959
1.650E+01,2.288E+01,1.068E-02,2.289E+01,4.094E-01,4.077E-01,0.9959
1.700E+01,2.235E+01,1.039E-02,2.237E+01,4.315E-01,4.298E-01,0.9959
1.750E+01,2.185E+01,1.012E-02,2.186E+01,4.541E-01,4.523E-01,0.9960
1.800E+01,2.138E+01,9.857E-03,2.139E+01,4.772E-01,4.753E-01,0.9960
1.850E+01,2.092E+01,9.610E-03,2.093E+01,5.009E-01,4.989E-01,0.9960
1.900E+01,2.049E+01,9.375E-03,2.050E+01,5.250E-01,5.229E-01,0.9960
1.950E+01,2.007E+01,9.152E-03,2.008E+01,5.497E-01,5.475E-01,0.9961
2.000E+01,1.968E+01,8.940E-03,1.969E+01,5.748E-01,5.726E-01,0.9961
2.500E+01,1.651E+01,7.266E-03,1.652E+01,8.533E-01,8.501E-01,0.9963
2.750E+01,1.532E+01,6.649E-03,1.532E+01,1.011E+00,1.007E+00,0.9963
3.000E+01,1.430E+01,6.130E-03,1.431E+01,1.180E+00,1.175E+00,0.9964
3.500E+01,1.267E+01,5.308E-03,1.268E+01,1.552E+00,1.546E+00,0.9965
4.000E+01,1.141E+01,4.684E-03,1.142E+01,1.968E+00,1.961E+00,0.9966
4.500E+01,1.041E+01,4.194E-03,1.041E+01,2.427E+00,2.419E+00,0.9966
5.000E+01,9.590E+00,3.798E-03,9.594E+00,2.928E+00,2.918E+00,0.9967
5.500E+01,8.908E+00,3.473E-03,8.911E+00,3.469E+00,3.458E+00,0.9968
6.000E+01,8.330E+00,3.200E-03,8.334E+00,4.050E+00,4.037E+00,0.9968
6.500E+01,7.835E+00,2.967E-03,7.838E+00,4.669E+00,4.654E+00,0.9968
7.000E+01,7.405E+00,2.767E-03,7.408E+00,5.325E+00,5.309E+00,0.9969
7.500E+01,7.029E+00,2.593E-03,7.031E+00,6.018E+00,6.000E+00,0.9969
8.000E+01,6.696E+00,2.439E-03,6.698E+00,6.747E+00,6.727E+00,0.9970
8.500E+01,6.399E+00,2.304E-03,6.401E+00,7.511E+00,7.488E+00,0.9970
9.000E+01,6.133E+00,2.182E-03,6.135E+00,8.309E+00,8.284E+00,0.9970
9.500E+01,5.893E+00,2.074E-03,5.895E+00,9.141E+00,9.114E+00,0.9970
1.000E+02,5.676E+00,1.976E-03,5.678E+00,1.001E+01,9.976E+00,0.9971
1.250E+02,4.835E+00,1.600E-03,4.837E+00,1.480E+01,1.476E+01,0.9972
1.500E+02,4.261E+00,1.346E-03,4.262E+00,2.032E+01,2.026E+01,0.9973
1.750E+02,3.843E+00,1.163E-03,3.844E+00,2.651E+01,2.644E+01,0.9973
2.000E+02,3.525E+00,1.025E-03,3.526E+00,3.331E+01,3.322E+01,0.9974
2.250E+02,3.276E+00,9.164E-04,3.277E+00,4.067E+01,4.057E+01,0.9975
2.500E+02,3.075E+00,8.293E-04,3.076E+00,4.855E+01,4.843E+01,0.9975
2.750E+02,2.910E+00,7.576E-04,2.911E+00,5.691E+01,5.678E+01,0.9976
3.000E+02,2.772E+00,6.976E-04,2.773E+00,6.572E+01,6.556E+01,0.9976
3.500E+02,2.555E+00,6.027E-04,2.555E+00,8.454E+01,8.434E+01,0.9977
4.000E+02,2.392E+00,5.311E-04,2.393E+00,1.048E+02,1.046E+02,0.9978
4.500E+02,2.266E+00,4.750E-04,2.267E+00,1.263E+02,1.260E+02,0.9979
5.000E+02,2.166E+00,4.299E-04,2.167E+00,1.489E+02,1.485E+02,0.9979
5.500E+02,2.086E+00,3.928E-04,2.086E+00,1.724E+02,1.720E+02,0.9980
6.000E+02,2.019E+00,3.617E-04,2.020E+00,1.968E+02,1.964E+02,0.9980
6.500E+02,1.964E+00,3.353E-04,1.965E+00,2.219E+02,2.214E+02,0.9981
7.000E+02,1.918E+00,3.126E-04,1.918E+00,2.476E+02,2.472E+02,0.9981
7.500E+02,1.878E+00,2.929E-04,1.879E+00,2.740E+02,2.735E+02,0.9982
8.000E+02,1.845E+00,2.755E-04,1.845E+00,3.008E+02,3.003E+02,0.9982
8.500E+02,1.816E+00,2.602E-04,1.816E+00,3.282E+02,3.276E+02,0.9982
9.000E+02,1.790E+00,2.465E-04,1.791E+00,3.559E+02,3.553E+02,0.9983
9.500E+02,1.768E+00,2.342E-04,1.769E+00,3.840E+02,3.833E+02,0.9983
1.000E+03,1.749E+00,2.232E-04,1.750E+00,4.124E+02,4.117E+02,0.9983
1.500E+03,1.647E+00,1.523E-04,1.647E+00,7.087E+02,7.077E+02,0.9986
2.000E+03,1.617E+00,1.162E-04,1.618E+00,1.016E+03,1.014E+03,0.9987
2.500E+03,1.613E+00,9.419E-05,1.613E+00,1.325E+03,1.324E+03,0.9989
3.000E+03,1.619E+00,7.938E-05,1.619E+00,1.635E+03,1.633E+03,0.9990
4.000E+03,1.642E+00,6.062E-05,1.642E+00,2.248E+03,2.246E+03,0.9991
5.000E+03,1.668E+00,4.920E-05,1.668E+00,2.853E+03,2.850E+03,0.9992
6.000E+03,1.692E+00,4.148E-05,1.692E+00,3.448E+03,3.445E+03,0.9993
7.000E+03,1.714E+00,3.592E-05,1.714E+00,4.035E+03,4.032E+03,0.9993
8.000E+03,1.734E+00,3.170E-05,1.734E+00,4.615E+03,4.612E+03,0.9994
9.000E+03,1.752E+00,2.840E-05,1.752E+00,5.189E+03,5.186E+03,0.9994
1.000E+04,1.768E+00,2.574E-05,1.768E+00,5.757E+03,5.754E+03,0.9995
