energy_MeV,voxels_per_material,lower_energy_groups,Al_edep_MeV,Cu_edep_MeV,source_rate,solve_s,classification,table_sha256
10.00000000,8,100,0.826780953808,2.945106792,1,32.972750,PHYSICAL_CANDIDATE,929e06363ccd6f702b95c09cb1354f096dfc150369fadd7ea0ec648929f0cfa9
100.00000000,8,100,0.132791292788,0.376558591387,1,0.061251,PHYSICAL_CANDIDATE,929e06363ccd6f702b95c09cb1354f096dfc150369fadd7ea0ec648929f0cfa9
499.99000000,8,100,0.0506798172785,0.145952573949,1,0.060984,PHYSICAL_CANDIDATE,929e06363ccd6f702b95c09cb1354f096dfc150369fadd7ea0ec648929f0cfa9
10.00000000,16,200,0.824644310758,2.9808736568,1,33.574354,PHYSICAL_CANDIDATE,929e06363ccd6f702b95c09cb1354f096dfc150369fadd7ea0ec648929f0cfa9
100.00000000,16,200,0.132779642492,0.376523738004,1,0.344973,PHYSICAL_CANDIDATE,929e06363ccd6f702b95c09cb1354f096dfc150369fadd7ea0ec648929f0cfa9
499.99000000,16,200,0.050679635421,0.145951970785,1,0.339304,PHYSICAL_CANDIDATE,929e06363ccd6f702b95c09cb1354f096dfc150369fadd7ea0ec648929f0cfa9
10.00000000,32,400,0.823662438699,2.99365906114,1,38.587826,PHYSICAL_CANDIDATE,929e06363ccd6f702b95c09cb1354f096dfc150369fadd7ea0ec648929f0cfa9
100.00000000,32,400,0.132773942403,0.376506289966,1,3.917546,PHYSICAL_CANDIDATE,929e06363ccd6f702b95c09cb1354f096dfc150369fadd7ea0ec648929f0cfa9
499.99000000,32,400,0.0506795465863,0.145951669206,1,3.616924,PHYSICAL_CANDIDATE,929e06363ccd6f702b95c09cb1354f096dfc150369fadd7ea0ec648929f0cfa9
10.00000000,32,800,0.823210200523,2.99149853359,1,83.561421,PHYSICAL_CANDIDATE,929e06363ccd6f702b95c09cb1354f096dfc150369fadd7ea0ec648929f0cfa9
10.00000000,64,400,0.823643887599,2.99893599796,1,38.189826,PHYSICAL_CANDIDATE,929e06363ccd6f702b95c09cb1354f096dfc150369fadd7ea0ec648929f0cfa9
10.00000000,64,800,0.823191747038,2.99749332424,1,87.431168,PHYSICAL_CANDIDATE,929e06363ccd6f702b95c09cb1354f096dfc150369fadd7ea0ec648929f0cfa9
